word,count,analysis_date
data,142,2024-03-23
engineering,39,2024-03-23
would,35,2024-03-23
use,31,2024-03-23
learn,29,2024-03-23
like,28,2024-03-23
work,28,2024-03-23
get,27,2024-03-23
company,25,2024-03-23
want,25,2024-03-23
job,25,2024-03-23
know,24,2024-03-23
management,23,2024-03-23
time,23,2024-03-23
https,23,2024-03-23
learning,22,2024-03-23
need,22,2024-03-23
engineer,21,2024-03-23
de,21,2024-03-23
well,20,2024-03-23
find,19,2024-03-23
good,17,2024-03-23
new,16,2024-03-23
better,16,2024-03-23
even,16,2024-03-23
help,15,2024-03-23
make,15,2024-03-23
resources,14,2024-03-23
questions,14,2024-03-23
think,14,2024-03-23
engineers,14,2024-03-23
analyst,14,2024-03-23
build,14,2024-03-23
please,14,2024-03-23
understand,13,2024-03-23
sql,13,2024-03-23
manager,13,2024-03-23
also,13,2024-03-23
synapse,13,2024-03-23
right,13,2024-03-23
azure,13,2024-03-23
solution,13,2024-03-23
one,13,2024-03-23
business,12,2024-03-23
try,12,2024-03-23
role,12,2024-03-23
usually,12,2024-03-23
contact,12,2024-03-23
take,12,2024-03-23
really,11,2024-03-23
experience,11,2024-03-23
people,11,2024-03-23
tables,11,2024-03-23
tools,11,2024-03-23
might,11,2024-03-23
much,11,2024-03-23
bot,11,2024-03-23
action,11,2024-03-23
performed,11,2024-03-23
automatically,11,2024-03-23
moderators,11,2024-03-23
subreddit,11,2024-03-23
concerns,11,2024-03-23
team,10,2024-03-23
language,10,2024-03-23
sheets,10,2024-03-23
go,10,2024-03-23
something,10,2024-03-23
different,10,2024-03-23
bi,10,2024-03-23
way,10,2024-03-23
2,10,2024-03-23
microsoft,10,2024-03-23
code,10,2024-03-23
little,10,2024-03-23
python,10,2024-03-23
using,10,2024-03-23
list,10,2024-03-23
create,9,2024-03-23
cloud,9,2024-03-23
first,9,2024-03-23
set,9,2024-03-23
analysts,9,2024-03-23
things,9,2024-03-23
da,9,2024-03-23
years,9,2024-03-23
pipelines,9,2024-03-23
probably,9,2024-03-23
thing,9,2024-03-23
though,9,2024-03-23
start,9,2024-03-23
software,9,2024-03-23
looking,8,2024-03-23
spark,8,2024-03-23
ask,8,2024-03-23
tech,8,2024-03-23
position,8,2024-03-23
already,8,2024-03-23
least,8,2024-03-23
say,8,2024-03-23
two,8,2024-03-23
common,8,2024-03-23
still,8,2024-03-23
either,8,2024-03-23
skills,8,2024-03-23
building,8,2024-03-23
best,8,2024-03-23
bigquery,8,2024-03-23
powerbi,7,2024-03-23
tool,7,2024-03-23
career,7,2024-03-23
wo,7,2024-03-23
never,7,2024-03-23
sounds,7,2024-03-23
support,7,2024-03-23
process,7,2024-03-23
knowledge,7,2024-03-23
fabric,7,2024-03-23
solutions,7,2024-03-23
many,7,2024-03-23
great,7,2024-03-23
going,7,2024-03-23
see,7,2024-03-23
always,7,2024-03-23
keep,7,2024-03-23
given,7,2024-03-23
power,7,2024-03-23
give,7,2024-03-23
table,7,2024-03-23
got,6,2024-03-23
airflow,6,2024-03-23
transformations,6,2024-03-23
database,6,2024-03-23
practice,6,2024-03-23
stack,6,2024-03-23
jobs,6,2024-03-23
small,6,2024-03-23
project,6,2024-03-23
guide,6,2024-03-23
completely,6,2024-03-23
working,6,2024-03-23
place,6,2024-03-23
since,6,2024-03-23
big,6,2024-03-23
design,6,2024-03-23
trying,6,2024-03-23
bad,6,2024-03-23
lot,6,2024-03-23
hard,6,2024-03-23
idea,6,2024-03-23
another,6,2024-03-23
question,6,2024-03-23
step,6,2024-03-23
training,6,2024-03-23
original,6,2024-03-23
long,6,2024-03-23
source,6,2024-03-23
r,6,2024-03-23
year,6,2024-03-23
connect,6,2024-03-23
value,6,2024-03-23
google,5,2024-03-23
databricks,5,2024-03-23
pipeline,5,2024-03-23
built,5,2024-03-23
kotlin,5,2024-03-23
level,5,2024-03-23
hire,5,2024-03-23
called,5,2024-03-23
roles,5,2024-03-23
pay,5,2024-03-23
paid,5,2024-03-23
lake,5,2024-03-23
unless,5,2024-03-23
generally,5,2024-03-23
look,5,2024-03-23
side,5,2024-03-23
problem,5,2024-03-23
ones,5,2024-03-23
open,5,2024-03-23
anyone,5,2024-03-23
without,5,2024-03-23
platform,5,2024-03-23
network,5,2024-03-23
spend,5,2024-03-23
current,5,2024-03-23
opportunity,5,2024-03-23
salary,5,2024-03-23
queries,5,2024-03-23
cases,5,2024-03-23
enough,5,2024-03-23
seems,5,2024-03-23
pretty,5,2024-03-23
architecture,5,2024-03-23
figure,5,2024-03-23
change,5,2024-03-23
able,5,2024-03-23
dbt,5,2024-03-23
cost,5,2024-03-23
write,5,2024-03-23
everything,5,2024-03-23
easier,5,2024-03-23
problems,5,2024-03-23
sure,5,2024-03-23
used,5,2024-03-23
studio,5,2024-03-23
read,5,2024-03-23
27,5,2024-03-23
cluster,5,2024-03-23
scala,5,2024-03-23
shamed,4,2024-03-23
feel,4,2024-03-23
datasets,4,2024-03-23
development,4,2024-03-23
analytics,4,2024-03-23
far,4,2024-03-23
api,4,2024-03-23
easy,4,2024-03-23
mess,4,2024-03-23
costs,4,2024-03-23
review,4,2024-03-23
whether,4,2024-03-23
failed,4,2024-03-23
case,4,2024-03-23
expect,4,2024-03-23
query,4,2024-03-23
approach,4,2024-03-23
skill,4,2024-03-23
done,4,2024-03-23
domain,4,2024-03-23
system,4,2024-03-23
plenty,4,2024-03-23
real,4,2024-03-23
bugs,4,2024-03-23
lots,4,2024-03-23
implement,4,2024-03-23
wrong,4,2024-03-23
decided,4,2024-03-23
concept,4,2024-03-23
quality,4,2024-03-23
adding,4,2024-03-23
could,4,2024-03-23
every,4,2024-03-23
poor,4,2024-03-23
effort,4,2024-03-23
1,4,2024-03-23
back,4,2024-03-23
end,4,2024-03-23
companies,4,2024-03-23
asking,4,2024-03-23
systems,4,2024-03-23
fast,4,2024-03-23
product,4,2024-03-23
interested,4,2024-03-23
provide,4,2024-03-23
away,4,2024-03-23
transformation,4,2024-03-23
recommend,4,2024-03-23
ready,4,2024-03-23
models,4,2024-03-23
industry,4,2024-03-23
service,4,2024-03-23
term,4,2024-03-23
etc,4,2024-03-23
b,4,2024-03-23
yes,4,2024-03-23
perfect,4,2024-03-23
bit,4,2024-03-23
logic,4,2024-03-23
kind,4,2024-03-23
explain,4,2024-03-23
whatever,4,2024-03-23
looker,4,2024-03-23
sheet,4,2024-03-23
options,4,2024-03-23
views,4,2024-03-23
works,4,2024-03-23
fine,4,2024-03-23
dataflow,4,2024-03-23
transform,4,2024-03-23
less,4,2024-03-23
core,4,2024-03-23
task,4,2024-03-23
snowflake,4,2024-03-23
comes,4,2024-03-23
facts,4,2024-03-23
market,4,2024-03-23
etl,4,2024-03-23
scratch,4,2024-03-23
across,4,2024-03-23
test,4,2024-03-23
scripts,3,2024-03-23
modeling,3,2024-03-23
apache,3,2024-03-23
plan,3,2024-03-23
complex,3,2024-03-23
advice,3,2024-03-23
run,3,2024-03-23
directly,3,2024-03-23
rule,3,2024-03-23
